{"cameraMode":{"drawMode":0,"name":"Shaded","section":"Shading Mode"},"sceneLighting":false,"audioPlay":false,"sceneViewState":{"m_AlwaysRefresh":false,"showFog":true,"showSkybox":false,"showFlares":true,"showImageEffects":true,"showParticleSystems":true,"showVisualEffectGraphs":true,"m_FxEnabled":true},"in2DMode":false,"pivot":{"x":-0.0003539919853210449,"y":1.6237504482269288,"z":0.0010763201862573624},"rotation":{"x":-0.0011629373766481877,"y":-0.2110888510942459,"z":-0.0002519098634365946,"w":0.9774672985076904},"size":2.9448750019073488,"orthographic":false}