{"cameraMode":{"drawMode":0,"name":"Shaded","section":"Shading Mode"},"sceneLighting":false,"audioPlay":false,"sceneViewState":{"m_AlwaysRefresh":false,"showFog":true,"showSkybox":false,"showFlares":true,"showImageEffects":true,"showParticleSystems":true,"showVisualEffectGraphs":true,"m_FxEnabled":true},"in2DMode":false,"pivot":{"x":0.13029205799102784,"y":0.7339576482772827,"z":0.082156240940094},"rotation":{"x":-0.010175414383411408,"y":0.989372730255127,"z":-0.11659833043813706,"w":-0.08630779385566712},"size":1.4785975217819214,"orthographic":false}